<?xml version="1.0" encoding="UTF-8"?>
<beans xmlns="http://www.springframework.org/schema/beans"
   xmlns:xsi="http://www.w3.org/2001/XMLSchema-instance"
   xsi:schemaLocation="http://www.springframework.org/schema/beans https://www.springframework.org/schema/beans/spring-beans.xsd">

   <!-- Root Context: defines shared resources visible to all other web components -->


     <!-- Gmail -->
  <bean id="mailSender" class="org.springframework.mail.javamail.JavaMailSenderImpl">
    <property name="host" value="smtp.gmail.com" />
    <property name="port" value="587" />
    <property name="username" value="jobjava1230@gmail.com" />
    <property name="password" value="dthqnprixqogpulw" />
    <property name="javaMailProperties">
    <props>
      <prop key="mail.smtp.auth">true</prop>
      <prop key="mail.smtp.starttls.enable">true</prop>
      
      <prop key="mail.transport.protocol">smtp</prop>
      <prop key="mail.debug">true</prop>
      <prop key="mail.smtp.ssl.trust">smtp.gmail.com</prop>
     <prop key="mail.smtp.ssl.protocols">TLSv1.2</prop>
    </props>
    </property>
  </bean>
</beans>