<?xml version="1.0" encoding="UTF-8" ?>
<!DOCTYPE tiles-definitions PUBLIC
       "-//Apache Software Foundation//DTD Tiles Configuration 2.0//EN"
       "http://tiles.apache.org/dtds/tiles-config_2_0.dtd">
<tiles-definitions>
	<definition name="baseLayout"
		template="/WEB-INF/views/common/main/layout.jsp">
		<put-attribute name="title" value="레이아웃 페이지" />
		<put-attribute name="header" value="/WEB-INF/views/common/main/header.jsp" />
		<put-attribute name="body" value="" />
		<put-attribute name="footer" value="/WEB-INF/views/common/main/footer.jsp" />
	</definition>
	
	
	<definition name="/member/loginForm" extends="baseLayout">
		<put-attribute name="title" value="JOB JAVA 로그인페이지" />
		<put-attribute name="body" value="/WEB-INF/views/member/loginForm.jsp" />
	</definition>

</tiles-definitions>


