<?xml version="1.0" encoding="UTF-8" ?>
<!DOCTYPE mapper
  PUBLIC "-//mybatis.org//DTD Config 3.1//EN"
  "http://mybatis.org/dtd/mybatis-3-mapper.dtd">
  
<mapper namespace="com.jobjava.JJ.board.dao.BoardDAO">
   <sql id="search">
      <if test="search != null">
         <if test="search == 'T'.toString()"> TITLE LIKE '%' || #{txtKeyWord} || '%'</if>
         <if test="search == 'C'.toString()"> CONTENT LIKE '%' || #{txtKeyWord} || '%'</if>
         <if test="search == 'TC'.toString()">(TITLE LIKE '%' || #{txtKeyWord} || '%') or (CONTENT
            LIKE '%' || #{txtKeyWord} || '%')</if>
      </if>
   </sql>
   
   <sql id="search2">
      <if test="search != null">
         <if test="search == 'T'.toString()"> AND TITLE LIKE '%' || #{txtKeyWord} || '%'</if>
         <if test="search == 'C'.toString()"> AND CONTENT LIKE '%' || #{txtKeyWord} || '%'</if>
         <if test="search == 'TC'.toString()"> AND (TITLE LIKE '%' || #{txtKeyWord} || '%') or (CONTENT
            LIKE '%' || #{txtKeyWord} || '%')</if>
      </if>
   </sql>

	<select id="qnaSelectAll" resultType="QnAVO" parameterType="java.util.HashMap">
	<![CDATA[
	SELECT * FROM(SELECT ROWNUM as recNum, QNA_NO, TITLE, CONTENT, QNA_DATE, ID, ANSWER, RESPON,PROCESS
	FROM QNA
	ORDER BY QNA_NO DESC)
	WHERE recNum BETWEEN(#{section}-1)*100+(#{pageNum}-1)*10+1 AND (#{section}-1)*100+#{pageNum}*10
	]]>
	</select>
	<select id="qnaSelectSearch" resultType="QnAVO" parameterType="java.util.HashMap">
	<![CDATA[
	SELECT * FROM(SELECT ROWNUM as recNum, QNA_NO, TITLE, CONTENT, QNA_DATE, ID, ANSWER, RESPON,PROCESS
	FROM QNA
	WHERE ]]> <include refid="search"/>
	<![CDATA[)
	WHERE recNum BETWEEN(#{section}-1)*100+(#{pageNum}-1)*10+1 AND (#{section}-1)*100+#{pageNum}*10
	ORDER BY QNA_DATE DESC
	]]>
	</select>
	
	<select id="qnaTotalTable" resultType="int">
	<![CDATA[
	SELECT COUNT(QNA_NO) FROM QNA
	]]>
	</select>
	
	<select id="qnaSelectTotalSearch" resultType="int" parameterType="java.util.HashMap">
	<![CDATA[
	SELECT COUNT(QNA_NO) FROM QNA
	WHERE ]]>
	<include refid="search"/>

	</select>
	
	<select id="qnaSelectOne" resultType="QnAVO" parameterType="int">
	<![CDATA[
		SELECT QNA_NO, TITLE, CONTENT, QNA_DATE, ID, ANSWER, RESPON,PROCESS
		FROM QNA
		WHERE QNA_NO = #{QNA_NO}
	]]>
	</select>
	
	<select id="selectEmpName" resultType="String" parameterType="QnAVO">
	<![CDATA[
		SELECT NAME FROM EMP
		WHERE ID=#{RESPON}
	]]>
	</select>
	
	
	
	<insert id="insertQnATable" parameterType="QnAVO">
	<![CDATA[
		INSERT INTO QNA(QNA_NO, TITLE,CONTENT, QNA_DATE, ID, PROCESS)
		VALUES (QNA_NO.NEXTVAL, #{TITLE},#{CONTENT} ,SYSDATE, #{ID}, 'X')
	]]>
	</insert>
	
	<update id="upDateQnATable" parameterType="QnAVO">
		UPDATE QNA
		<set>
		<if test="TITLE !='' and TITLE != null">
		TITLE=#{TITLE},
	     </if>
	     <if test="CONTENT !='' and CONTENT != null">
		CONTENT=#{CONTENT},
	     </if>
	     <if test="ANSWER !='' and ANSWER != null">
		ANSWER=#{ANSWER},
	     </if>
	     <if test="RESPON !='' and RESPON != null">
		RESPON=#{RESPON},
		PROCESS='O',
	     </if>
	     </set>
	    WHERE QNA_NO=#{QNA_NO}
	</update>
	
	<delete id="qnADeleteTable" parameterType="int">
		<![CDATA[
		DELETE FROM QNA
		WHERE QNA_NO = #{QNA_NO}
		]]>
	</delete>
	
	<select id="onlineSelectAll" resultType="OnlineVO" parameterType="java.util.HashMap">
	<![CDATA[
	SELECT * FROM(SELECT ROWNUM as recNum, ON_COM_NO, TITLE, CONTENT, OCA_DATE, ID, ANSWER, RESPON,PROCESS
	FROM ONLINE_COM_APP
	ORDER BY ON_COM_NO DESC)
	WHERE recNum BETWEEN(#{section}-1)*100+(#{pageNum}-1)*10+1 AND (#{section}-1)*100+#{pageNum}*10
	]]>
	</select>
	
	<select id="onlineTotalTable" resultType="int">
	<![CDATA[
	SELECT COUNT(ON_COM_NO) FROM ONLINE_COM_APP
	]]>
	</select>
	
	<insert id="insertOnlineTable" parameterType="OnlineVO">
	<![CDATA[
		INSERT INTO ONLINE_COM_APP(ON_COM_NO, TITLE,CONTENT, OCA_DATE, ID, PROCESS)
		VALUES (QNA_NO.NEXTVAL, #{TITLE},#{CONTENT} ,SYSDATE, #{ID}, 'X')
	]]>
	</insert>
	
	<select id="onlineSelectOne" resultType="OnlineVO" parameterType="int">
	<![CDATA[
	SELECT * FROM ONLINE_COM_APP
	WHERE ON_COM_NO = #{ON_COM_NO}
	]]>
	</select>
	
	<delete id="onlineDeleteTable" parameterType="int">
		<![CDATA[
		DELETE FROM ONLINE_COM_APP
		WHERE ON_COM_NO = #{ON_COM_NO}
		]]>
	</delete>
	
	
	<update id="upDateonlineTable" parameterType="OnlineVO">
		UPDATE ONLINE_COM_APP
		<set>
		<if test="TITLE !='' and TITLE != null">
		TITLE=#{TITLE},
	     </if>
	     <if test="CONTENT !='' and CONTENT != null">
		CONTENT=#{CONTENT},
	     </if>
	     <if test="ANSWER !='' and ANSWER != null">
		ANSWER=#{ANSWER},
	     </if>
	     <if test="RESPON !='' and RESPON != null">
		RESPON=#{RESPON},
		PROCESS='O',
	     </if>
	     </set>
	    WHERE ON_COM_NO=#{ON_COM_NO}
	</update>
	
	<select id="onlineSelectSearch" resultType="OnlineVO" parameterType="java.util.HashMap">
	<![CDATA[
	SELECT * FROM(SELECT ROWNUM as recNum, ON_COM_NO, TITLE, CONTENT, OCA_DATE, ID, ANSWER, RESPON,PROCESS
	FROM ONLINE_COM_APP
	WHERE ]]> <include refid="search"/>
	<![CDATA[)
	WHERE recNum BETWEEN(#{section}-1)*100+(#{pageNum}-1)*10+1 AND (#{section}-1)*100+#{pageNum}*10
	ORDER BY OCA_DATE DESC
	]]>
	</select>
	
	<select id="onlineSelectTotalSearch" resultType="int" parameterType="java.util.HashMap">
	<![CDATA[
	SELECT COUNT(ON_COM_NO) FROM ONLINE_COM_APP
	WHERE ]]>
	<include refid="search"/>

	</select>
	
	
	<select id="employmentSelectAll" resultType="EmploymentVO" parameterType="java.util.HashMap">
	<![CDATA[
	SELECT * FROM(SELECT ROWNUM as recNum, EMP_CON_NO, TITLE, CONTENT, EC_DATE, ID, ANSWER, RESPON,PROCESS
	FROM EMP_CONSULTING
	ORDER BY EMP_CON_NO DESC)
	WHERE recNum BETWEEN(#{section}-1)*100+(#{pageNum}-1)*10+1 AND (#{section}-1)*100+#{pageNum}*10
	]]>
	</select>
	
	<select id="employmentTotalTable" resultType="int">
	<![CDATA[
	SELECT COUNT(EMP_CON_NO) FROM EMP_CONSULTING
	]]>
	</select>
	
	<select id="employmentSelectOne" resultType="EmploymentVO" parameterType="int">
	<![CDATA[
		SELECT EMP_CON_NO, TITLE, CONTENT, EC_DATE, ID, ANSWER, RESPON,PROCESS
		FROM EMP_CONSULTING
		WHERE EMP_CON_NO = #{EMP_CON_NO}
	]]>
	</select>
	
	<insert id="insertEmploymentTable" parameterType="EmploymentVO">
	<![CDATA[
		INSERT INTO EMP_CONSULTING(EMP_CON_NO, TITLE,CONTENT, EC_DATE, ID, PROCESS)
		VALUES (EMP_CON_NO.NEXTVAL, #{TITLE},#{CONTENT} ,SYSDATE, #{ID}, 'X')
	]]>
	</insert>
	
	<delete id="employmentDeleteTable" parameterType="int">
		<![CDATA[
		DELETE FROM EMP_CONSULTING
		WHERE EMP_CON_NO = #{EMP_CON_NO}
		]]>
	</delete>
	
	<update id="upDateemploymentTable" parameterType="EmploymentVO">
		UPDATE EMP_CONSULTING
		<set>
		<if test="TITLE !='' and TITLE != null">
		TITLE=#{TITLE},
	     </if>
	     <if test="CONTENT !='' and CONTENT != null">
		CONTENT=#{CONTENT},
	     </if>
	     <if test="ANSWER !='' and ANSWER != null">
		ANSWER=#{ANSWER},
	     </if>
	     <if test="RESPON !='' and RESPON != null">
		RESPON=#{RESPON},
		PROCESS='O',
	     </if>
	     </set>
	    WHERE EMP_CON_NO=#{EMP_CON_NO}
	</update>
	
	<select id="employmentSelectSearch" resultType="EmploymentVO" parameterType="java.util.HashMap">
	<![CDATA[
	SELECT * FROM(SELECT ROWNUM as recNum, EMP_CON_NO, TITLE, CONTENT, EC_DATE, ID, ANSWER, RESPON,PROCESS
	FROM EMP_CONSULTING
	WHERE ]]> <include refid="search"/>
	<![CDATA[)
	WHERE recNum BETWEEN(#{section}-1)*100+(#{pageNum}-1)*10+1 AND (#{section}-1)*100+#{pageNum}*10
	ORDER BY EC_DATE DESC
	]]>
	</select>
	
	<select id="employmentSelectTotalSearch" resultType="int" parameterType="java.util.HashMap">
	<![CDATA[
	SELECT COUNT(EMP_CON_NO) FROM EMP_CONSULTING
	WHERE ]]>
	<include refid="search"/>

	</select>
	
	<insert id="insertF_BOARD" parameterType="java.util.Map">
	<![CDATA[
	INSERT INTO F_BOARD VALUES(BOARD_NO.NEXTVAL, (SELECT EMP_NO FROM EMP WHERE ID=#{ID}), #{TITLE}, #{CONTENT}, SYSDATE)
	]]>
	</insert>
	
	<insert id="insertBOARD_FILE" parameterType="java.util.List">
      INSERT INTO BOARD_FILE
            (
            BOARD_FILENO, 
            BOARD_NO, 
            BOARD_FILENAME,
            BOARD_DATE
            )
         SELECT BOARD_FILENO.NEXTVAL, A.*
         FROM (
      <foreach collection="list" item="item" separator="UNION ALL" >
         SELECT (SELECT MAX(BOARD_NO) FROM F_BOARD) AS BOARD_NO, 
	            #{item} AS BOARD_FILENAME, 
    	        SYSDATE AS BOARD_DATE
         FROM DUAL   
      </foreach>
      ) A
   </insert>
   
   <select id="selectNowBOARD_NO" resultType="int">
   <![CDATA[
   SELECT BOARD_NO.CURRVAL FROM DUAL
   ]]>
   </select>
   
   <select id="selectOneFileTable" resultType="java.util.HashMap" parameterType="String">
   <![CDATA[
   SELECT BOARD_NO, F_BOARD.EMP_NO, TITLE, CONTENT, F_DATE, NAME FROM F_BOARD, EMP
   WHERE EMP.EMP_NO = F_BOARD.EMP_NO AND BOARD_NO = #{BOARD_NO}
   ]]>
   </select>
   
   <select id="selectFileNames" resultType="java.util.HashMap" parameterType="String">
   <![CDATA[
   SELECT * FROM BOARD_FILE
   WHERE BOARD_NO = #{BOARD_NO}
   ]]>
   </select>
   
   <delete id="deleteFile">
   <![CDATA[
   DELETE FROM BOARD_FILE
   WHERE BOARD_NO = #{param1} AND BOARD_FILENAME = #{param2}
   ]]>
   </delete>
   
   
   <update id="updateFileTable" parameterType="java.util.Map">
		UPDATE F_BOARD
		<set>
		<if test="ID !='' and ID != null">	
		EMP_NO = (SELECT EMP_NO FROM EMP WHERE ID = #{ID}),
	     </if>
	     <if test="TITLE !='' and TITLE != null">
		TITLE=#{TITLE},
	     </if>
	     <if test="CONTENT !='' and CONTENT != null">
		CONTENT=#{CONTENT},
	     </if>
	     </set>
	    WHERE BOARD_NO=#{BOARD_NO}
	</update>
	
	<insert id="updateTableFile" parameterType="java.util.List">
      INSERT INTO BOARD_FILE
            (
            BOARD_FILENO, 
            BOARD_NO, 
            BOARD_FILENAME,
            BOARD_DATE
            )
         SELECT BOARD_FILENO.NEXTVAL, A.*
         FROM (
      <foreach collection="param2" item="item" separator="UNION ALL" >
         SELECT #{param1} AS BOARD_NO, 
	            #{item} AS BOARD_FILENAME, 
    	        SYSDATE AS BOARD_DATE
         FROM DUAL   
      </foreach>
      ) A
   </insert>
   
   <delete id="deleteFileTable">
   <![CDATA[
   DELETE FROM F_BOARD 
   WHERE BOARD_NO = #{param1}
   ]]>
   </delete>
   
</mapper>