<?xml version="1.0" encoding="UTF-8"?>
<beans:beans
	xmlns="http://www.springframework.org/schema/mvc"
	xmlns:xsi="http://www.w3.org/2001/XMLSchema-instance"
	xmlns:beans="http://www.springframework.org/schema/beans"
	xmlns:aop="http://www.springframework.org/schema/aop"
	xmlns:mvc="http://www.springframework.org/schema/mvc"
	xmlns:context="http://www.springframework.org/schema/context"
	xmlns:security="http://www.springframework.org/schema/security"
	xsi:schemaLocation="http://www.springframework.org/schema/mvc http://www.springframework.org/schema/mvc/spring-mvc.xsd
		http://www.springframework.org/schema/beans http://www.springframework.org/schema/beans/spring-beans.xsd
		http://www.springframework.org/schema/aop
        http://www.springframework.org/schema/aop/spring-aop-3.0.xsd
		http://www.springframework.org/schema/context http://www.springframework.org/schema/context/spring-context.xsd">
	<annotation-driven />

	<resources mapping="/resources/**" location="/resources/" />
<!-- 타일즈 관련 -->
    <beans:bean id="tilesConfigurer" class="org.springframework.web.servlet.view.tiles2.TilesConfigurer">
		<beans:property name="definitions">
			<beans:list>
				<beans:value>classpath:tiles/*.xml</beans:value>
			</beans:list>
		</beans:property>
		<beans:property name="preparerFactoryClass"
			          value="org.springframework.web.servlet.view.tiles2.SpringBeanPreparerFactory" />
	</beans:bean>
	<beans:bean id="viewResolver"
		class="org.springframework.web.servlet.view.UrlBasedViewResolver">
		<beans:property name="viewClass" value="org.springframework.web.servlet.view.tiles2.TilesView" />
	</beans:bean>
	
	<!-- 다중 파일업로드  -->
  <beans:bean id="multipartResolver" class="org.springframework.web.multipart.commons.CommonsMultipartResolver">
  <beans:property name="maxUploadSize" value="52428800"/>
  <beans:property name="maxInMemorySize" value="1000000"/>
  <beans:property name="defaultEncoding" value="utf-8"/>
  </beans:bean>
  
  
	

<!-- 인터셉터 실습 설정 -->
   <mvc:interceptors>
    	<mvc:interceptor>
	      <mvc:mapping path="/*/*.do"/>
	   <beans:bean class="com.jobjava.JJ.common.interceptro.ViewNameInterceptor" />
	</mvc:interceptor>
</mvc:interceptors> 

 <context:component-scan base-package="com.jobjava.JJ" />

</beans:beans>
