<?xml version="1.0" encoding="UTF-8" ?>
<!DOCTYPE tiles-definitions PUBLIC
       "-//Apache Software Foundation//DTD Tiles Configuration 2.0//EN"
       "http://tiles.apache.org/dtds/tiles-config_2_0.dtd">
<tiles-definitions>
	<definition name="baseLayout"
		template="/WEB-INF/views/common/main/layout.jsp">
		<put-attribute name="title" value="레이아웃 페이지" />
		<put-attribute name="header" value="" />
		<put-attribute name="body" value="" />
		<put-attribute name="footer" value="/WEB-INF/views/common/main/footer.jsp" />
	</definition>
	
	
	<definition name="/main/main" extends="baseLayout">
		<put-attribute name="title" value="JOB JAVA 메인페이지" />
		<put-attribute name="header" value="/WEB-INF/views/common/main/header.jsp" />
		<put-attribute name="body" value="/WEB-INF/views/main/main.jsp" />
	</definition>
	
	<definition name="/main/bessinfo" extends="baseLayout">
		<put-attribute name="title" value="JOB JAVA 메인페이지" />
		<put-attribute name="header" value="/WEB-INF/views/common/main/header.jsp" />
		<put-attribute name="body" value="/WEB-INF/views/main/bessinfo.jsp" />
	</definition>
	
	<definition name="/main/qnATable" extends="baseLayout">
		<put-attribute name="title" value="JOB JAVA 메인페이지" />
		<put-attribute name="header" value="/WEB-INF/views/common/main/jobSotCenterHeader.jsp" />
		<put-attribute name="body" value="/WEB-INF/views/main/qnATable.jsp" />
	</definition>
	
	<definition name="/main/bestCompany" extends="baseLayout">
		<put-attribute name="title" value="JOB JAVA 메인페이지" />
		<put-attribute name="header" value="/WEB-INF/views/common/main/header.jsp" />
		<put-attribute name="body" value="/WEB-INF/views/main/bestCompany.jsp" />
	</definition>
	
	<definition name="/main/supportTable" extends="baseLayout">
		<put-attribute name="title" value="JOB JAVA 메인페이지" />
		<put-attribute name="header" value="/WEB-INF/views/common/main/header.jsp" />
		<put-attribute name="body" value="/WEB-INF/views/main/supportTable.jsp" />
	</definition>
	
	
</tiles-definitions>


