<?xml version="1.0" encoding="UTF-8" ?>
<!DOCTYPE tiles-definitions PUBLIC
       "-//Apache Software Foundation//DTD Tiles Configuration 2.0//EN"
       "http://tiles.apache.org/dtds/tiles-config_2_0.dtd">
<tiles-definitions>
	<definition name="memberBaseLayout"
		template="/WEB-INF/views/common/main/layout.jsp">
		<put-attribute name="title" value="레이아웃 페이지" />
		<put-attribute name="header" value="/WEB-INF/views/common/main/header.jsp" />
		<put-attribute name="body" value="" />
		<put-attribute name="footer" value="/WEB-INF/views/common/main/footer.jsp" />
	</definition>
	
	
	<definition name="/member/loginForm" extends="memberBaseLayout">
		<put-attribute name="title" value="JOBJAVA" />
		<put-attribute name="body" value="/WEB-INF/views/member/loginForm.jsp" />
	</definition>
	
	<definition name="/member/signUpView" extends="memberBaseLayout">
		<put-attribute name="title" value="JOBJAVA" />
		<put-attribute name="body" value="/WEB-INF/views/member/signUpView.jsp" />
	</definition>
	
	<definition name="/member/signUpTestView" extends="memberBaseLayout">
		<put-attribute name="title" value="JOBJAVA" />
		<put-attribute name="body" value="/WEB-INF/views/member/signUpTestView.jsp" />
	</definition>
	
	<definition name="/member/mypageForm" extends="memberBaseLayout">
		<put-attribute name="title" value="JOBJAVA" />
		<put-attribute name="body" value="/WEB-INF/views/member/mypageForm.jsp" />
	</definition>
	
	<definition name="/member/termsgree" extends="memberBaseLayout">
		<put-attribute name="title" value="JOBJAVA" />
		<put-attribute name="body" value="/WEB-INF/views/member/termsgree.jsp" />
	</definition>
	
	<definition name="/member/memberFindView" extends="memberBaseLayout">
		<put-attribute name="title" value="JOBJAVA" />
		<put-attribute name="body" value="/WEB-INF/views/member/memberFindView.jsp" />
	</definition>
	
</tiles-definitions>


