<?xml version="1.0" encoding="UTF-8" ?>
<!DOCTYPE tiles-definitions PUBLIC
       "-//Apache Software Foundation//DTD Tiles Configuration 2.0//EN"
       "http://tiles.apache.org/dtds/tiles-config_2_0.dtd">

<!-- 카페 홈페이지 메인 타일즈 -->
<tiles-definitions>
	<definition name="cafebaseLayout"
		template="/WEB-INF/views/common/cafe/layout.jsp">
		<put-attribute name="title" value="레이아웃 페이지" />
		<put-attribute name="header"
			value="/WEB-INF/views/common/cafe/header.jsp" />
		<put-attribute name="body" value="" />
	<!-- 	<put-attribute name="side"
			value="/WEB-INF/views/common/cafe/side.jsp" /> -->
		<put-attribute name="footer"
			value="/WEB-INF/views/common/cafe/footer.jsp" />

	</definition>


	<definition name="/cafe/main" extends="cafebaseLayout">
		<put-attribute name="title" value="카페 메인페이지" />
		<put-attribute name="body"
			value="/WEB-INF/views/cafe/content.jsp" />
	</definition>



	<definition name="/cafe/mypage" extends="cafebaseLayout">
		<put-attribute name="title" value="카페 마이페이지" />
		<put-attribute name="body"
			value="/WEB-INF/views/cafe/cafemypage.jsp" />

	</definition>


	<definition name="/cafe/jobapp" extends="cafebaseLayout">
		<put-attribute name="title" value="카페 마이(일반)페이지" />
		<put-attribute name="body"
			value="/WEB-INF/views/cafe/jobapp.jsp" />

	</definition>

	<!-- 신청뷰 -->
	<definition name="/cafe/apply" extends="cafebaseLayout">
		<put-attribute name="title" value="프로그램 신청" />
		<put-attribute name="body"
			value="/WEB-INF/views/cafe/apply.jsp" />
	</definition>

	<!-- 취업컨설팅 조회하는거 -->
	<definition name="/cafe/consulting" extends="cafebaseLayout">
		<put-attribute name="title" value="프로그램 취업컨설팅" />
		<put-attribute name="body"
			value="/WEB-INF/views/cafe/boardConsulting.jsp" />
	</definition>

	<!-- 취업특강 조회하는거 -->
	<definition name="/cafe/lecture" extends="cafebaseLayout">
		<put-attribute name="title" value="프로그램 취업특강" />
		<put-attribute name="body"
			value="/WEB-INF/views/cafe/boardLecture.jsp" />
	</definition>


	<!-- 게시판에 조회하는거 -->
	<definition name="/cafe/hireinfopaging"
		extends="cafebaseLayout">
		<put-attribute name="title" value="hireinfo 연습" />
		<put-attribute name="body"
			value="/WEB-INF/views/cafe/board.jsp" />
	</definition>

	<!-- 글상세조회 -->
	<definition name="/cafe/hireInfoDetail"
		extends="cafebaseLayout">
		<put-attribute name="title" value="글상세창" />
		<put-attribute name="body"
			value="/WEB-INF/views/cafe/readView.jsp" />
	</definition>

	<!-- 글 수정뷰 -->
	<definition name="/cafe/updateView" extends="cafebaseLayout">
		<put-attribute name="title" value="글상세창" />
		<put-attribute name="body"
			value="/WEB-INF/views/cafe/updateView.jsp" />
	</definition>

	<!-- 사업안내 -->
	<definition name="/cafe/bguide" extends="cafebaseLayout">
		<put-attribute name="title" value="글상세창" />
		<put-attribute name="body"
			value="/WEB-INF/views/cafe/bguide.jsp" />
	</definition>


	<!-- 채용공고 게시판 조회 -->
	<definition name="/cafe/jobposting" extends="cafebaseLayout">
		<put-attribute name="title" value="채용공고" />
		<put-attribute name="body"
			value="/WEB-INF/views/cafe/jobposting.jsp" />
	</definition>

	<!-- 채용공고 상세조회 -->
	<definition name="/cafe/jobpostingdetail"
		extends="cafebaseLayout">
		<put-attribute name="title" value="글상세창" />
		<put-attribute name="body"
			value="/WEB-INF/views/cafe/jobPostingReadView.jsp" />
	</definition>

	<!-- 채용공고 수정뷰 -->
	<definition name="jobPostingUpdateView"
		extends="cafebaseLayout">
		<put-attribute name="title" value="글수정" />
		<put-attribute name="body"
			value="/WEB-INF/views/cafe/jobPostingUpdateView.jsp" />
	</definition>




	<!-- 설문조사 -->
	<definition name="/cafe/addsurveryfrom"
		extends="cafebaseLayout">
		<put-attribute name="title" value="글상세창" />
		<put-attribute name="body"
			value="/WEB-INF/views/cafe/surveyList.jsp" />
	</definition>

<!-- 사업안내 조회 -->

   <definition name="/cafe/cafeBusinessGuide"
      extends="cafebaseLayout">
      <put-attribute name="title" value="글상세창" />
      <put-attribute name="body"
         value="/WEB-INF/views/cafe/cafeBusinessGuide.jsp" />
   </definition>




	<!-- 캘린더 -->
	<definition name="/cafe/celender" extends="cafebaseLayout">
		<put-attribute name="title" value="Calendar 연습" />
		<put-attribute name="body"
			value="/WEB-INF/views/cafe/celender.jsp" />
	</definition>
	<!-- 장바구니 리스트 조회 -->
	<definition name="/cafe/jobPostingInCartList"
		extends="cafebaseLayout">
		<put-attribute name="title" value="Calendar 연습" />
		<put-attribute name="body"
			value="/WEB-INF/views/cafe/jobpostingInCartList.jsp" />
	</definition>
   
   <!-- 기업마이페이지 -->
	<definition name="/cafe/companymypagelist" extends="cafebaseLayout">
		<put-attribute name="title" value="카페 마이(일반)페이지" />
		<put-attribute name="body"
			value="/WEB-INF/views/cafe/companymypagelist.jsp" />
    </definition>
    
     <!-- 학생마이페이지 -->
	<definition name="/cafe/studentmypagelist" extends="cafebaseLayout">
		<put-attribute name="title" value="카페 마이(일반)페이지" />
		<put-attribute name="body"
			value="/WEB-INF/views/cafe/studentmypagelist.jsp" />
    </definition>
    
    <!-- 학생마이페이지상세 -->
	<definition name="/cafe/studentmypageview" extends="cafebaseLayout">
		<put-attribute name="title" value="카페 마이(일반)페이지" />
		<put-attribute name="body"
			value="/WEB-INF/views/cafe/studentmypageview.jsp" />
    </definition>

</tiles-definitions>

