<?xml version="1.0" encoding="UTF-8" ?>
<!DOCTYPE configuration 	PUBLIC "-//mybatis.org//DTD Config 3.0//EN"
	"http://mybatis.org/dtd/mybatis-3-config.dtd">

<configuration>
  <typeAliases>
  	  <typeAlias type="com.jobjava.JJ.admin.vo.SearchCriteria" alias="SearchCriteria" />
  
      <typeAlias type="com.jobjava.JJ.member.vo.MemberVO" alias="MemberVO" />
      <typeAlias type="com.jobjava.JJ.member.vo.NMemberVO" alias="NMemberVO" />
      <typeAlias type="com.jobjava.JJ.member.vo.SMemberVO" alias="SMemberVO" />
      <typeAlias type="com.jobjava.JJ.member.vo.CMemberVO" alias="CMemberVO" />
      <typeAlias type="com.jobjava.JJ.member.vo.EMemberVO" alias="EMemberVO" />
      <typeAlias type="com.jobjava.JJ.member.vo.MMemberVO" alias="MMemberVO" />
      
      <typeAlias type="com.jobjava.JJ.main.vo.SearchCriteria" alias="SearchCriteria" />
     
      <typeAlias type="com.jobjava.JJ.board.vo.QnAVO" alias="QnAVO" />
      <typeAlias type="com.jobjava.JJ.board.vo.OnlineVO" alias="OnlineVO" />
      <typeAlias type="com.jobjava.JJ.board.vo.EmploymentVO" alias="EmploymentVO" />
     
      <typeAlias type="com.jobjava.JJ.counselor.vo.JobregVO" alias="JobregVO" />
      <typeAlias type="com.jobjava.JJ.counselor.vo.UniregVO" alias="UniregVO" />
      <typeAlias type="com.jobjava.JJ.counselor.vo.ConsultationJournalVO" alias="ConsultationJournalVO" />
      <typeAlias type="com.jobjava.JJ.counselor.vo.SalaryVO" alias="SalaryVO" />
      <typeAlias type="com.jobjava.JJ.counselor.vo.SturegVO" alias="SturegVO" />
      <typeAlias type="com.jobjava.JJ.counselor.vo.ComregVO" alias="ComregVO" />
      <typeAlias type="com.jobjava.JJ.counselor.vo.JobcheckVO" alias="JobcheckVO" />
      <typeAlias type="com.jobjava.JJ.counselor.vo.AlarmVO" alias="AlarmVO" />
     
      <typeAlias type="com.jobjava.JJ.leader.vo.CRegVO" alias="CRegVO" />
      <typeAlias type="com.jobjava.JJ.leader.vo.Criteria" alias="Criteria" />
      <typeAlias type="com.jobjava.JJ.leader.vo.Paging" alias="Paging" />
      <typeAlias type="com.jobjava.JJ.leader.vo.SurveyVO" alias="SurveyVO" />
      <typeAlias type="com.jobjava.JJ.leader.vo.AppVO" alias="AppVO" />
      <typeAlias type="com.jobjava.JJ.leader.vo.SearchCriteria" alias="SearchCriteria" />
      <typeAlias type="com.jobjava.JJ.leader.vo.FileVO" alias="FileVO" />
      <typeAlias type="com.jobjava.JJ.leader.vo.UniVO" alias="UniVO" />
      <typeAlias type="com.jobjava.JJ.leader.vo.UserVO" alias="UserVO" />
	  
      <typeAlias type="com.jobjava.JJ.cafe.vo.JobAppVO" alias="JobAppVO" />
      <typeAlias type="com.jobjava.JJ.cafe.vo.ProgramVO" alias="ProgramVO" />
      <typeAlias type="com.jobjava.JJ.cafe.vo.FileVO" alias="FileVO" />
      <typeAlias type="com.jobjava.JJ.cafe.vo.SearchCriteria" alias="SearchCriteria" />
      <typeAlias type="com.jobjava.JJ.cafe.vo.JobInfoVO" alias="JobInfoVO" />    
      <typeAlias type="com.jobjava.JJ.cafe.vo.Paging" alias="Paging" />
      <typeAlias type="com.jobjava.JJ.cafe.vo.Criteria" alias="Criteria" />
      <typeAlias type="com.jobjava.JJ.cafe.vo.LectureVO" alias="LectureVO" />
       <typeAlias type="com.jobjava.JJ.cafe.vo.LectureVO" alias="ApplyVO" />
      <typeAlias type="com.jobjava.JJ.cafe.vo.JobFileVO" alias="JobFileVO" />
      <typeAlias type="com.jobjava.JJ.cafe.vo.EmpVO" alias="EmpVO" />
      <typeAlias type="com.jobjava.JJ.cafe.vo.ShopBasketVO" alias="ShopBasketVO" />
  </typeAliases>
</configuration>



